Workbook

Sheet Inventario
A1: SKU | B1: Descripción | C1: Categoría | D1: UOM | E1: Inv_Inicial | F1: Compra | G1: Demanda | H1: Punto_Reorden | I1: Stock_Seguridad | J1: Precio | K1: Notas
A2: COI-00001 | B2: CAMARON COCIDO 41-50 CAMANCHACA | C2: P&M | D2: KG | E2: =+VLOOKUP($B2,Hoja1!B:J,9,0) -> 1000 | F2: 0 | G2: 150 | H2: 225 | I2: =+G2/2 -> 75 | J2: 0 | K2: N/A
A3: COI-00002 | B3: FILETE DE TILAPIA 3-5OZ CAMANCHACA | C3: P&M | D3: KG | E3: =+VLOOKUP($B3,Hoja1!B:J,9,0) -> 643.98 | F3: 0 | G3: 100 | H3: 150 | I3: =+G3/2 -> 50 | J3: 0 | K3: N/A
A4: COI-00003 | B4: FILETE DE TILAPIA 5-7 OZ CAMANCHACA | C4: P&M | D4: KG | E4: =+VLOOKUP($B4,Hoja1!B:J,9,0) -> 671.92 | F4: 0 | G4: 100 | H4: 150 | I4: =+G4/2 -> 50 | J4: 0 | K4: N/A
A5: COI-00004 | B5: ATUN AHUMADO PORCION CAMANCHACA | C5: P&M | D5: KG | E5: =+VLOOKUP($B5,Hoja1!B:J,9,0) -> 235 | F5: 0 | G5: 40 | H5: 60 | I5: =+G5/2 -> 20 | J5: 0 | K5: N/A
A6: COI-00005 | B6: CAMARON COCIDO 51-60 CAMANCHACA | C6: P&M | D6: KG | E6: =+VLOOKUP($B6,Hoja1!B:J,9,0) -> 1020 | F6: 0 | G6: 150 | H6: 225 | I6: =+G6/2 -> 75 | J6: 0 | K6: N/A
A7: COI-00006 | B7: MEDALLON DE ATUN CAMANCHACA | C7: P&M | D7: KG | E7: =+VLOOKUP($B7,Hoja1!B:J,9,0) -> 820 | F7: 0 | G7: 150 | H7: 225 | I7: =+G7/2 -> 75 | J7: 0 | K7: N/A
A8: MPPT-00002 | B8: SALMON LOMO IMPORTADO CHILENO | C8: P&M | D8: KG | E8: 35485.5 | F8: 0 | G8: 3000 | H8: =+G8*4 -> 12000 | I8: 3000 | J8: 0 | K8: N/A
A9: MPPT-00013 | B9: FILETE BASSA 7-9 OZ | C9: P&M | D9: KG | E9: =+VLOOKUP($B9,Hoja1!B:J,9,0) -> 1195 | F9: 0 | G9: 250 | H9: 375 | I9: =+G9/2 -> 125 | J9: 0 | K9: N/A
A10: PTE-00037 | B10: MEJILLON ENTERO | C10: P&M | D10: KG | E10: =+VLOOKUP($B10,Hoja1!B:J,9,0) -> 506.5 | F10: 0 | G10: 100 | H10: 150 | I10: =+G10/2 -> 50 | J10: 0 | K10: N/A
A11: PTE-00038 | B11: SALMON PORCION 6-8 OZ | C11: P&M | D11: KG | E11: =+VLOOKUP($B11,Hoja1!B:J,9,0) -> 4745 | F11: 0 | G11: 500 | H11: 750 | I11: =+G11/2 -> 250 | J11: 0 | K11: N/A
A12: PTE-00089 | B12: SALMON SUMAR 100 GR | C12: P&M | D12: PZ | E12: =+VLOOKUP($B12,Hoja1!B:J,9,0) -> 343 | F12: 0 | G12: 50 | H12: 75 | I12: =+G12/2 -> 25 | J12: 0 | K12: N/A
A13: PTE-00090 | B13: FILETE MERO 6-8 AL VACIO | C13: P&M | D13: KG | E13: =+VLOOKUP($B13,Hoja1!B:J,9,0) -> 320.6 | F13: 0 | G13: 50 | H13: 75 | I13: =+G13/2 -> 25 | J13: 0 | K13: N/A
A14: PTE-00097 | B14: SALMON SUMAR ENTERO | C14: P&M | D14: KG | E14: =+VLOOKUP($B14,Hoja1!B:J,9,0) -> 436.9 | F14: 0 | G14: 100 | H14: 150 | I14: =+G14/2 -> 50 | J14: 0 | K14: N/A
A15: PTE-00107 | B15: PULPO CRUDO 1-2 | C15: P&M | D15: KG | E15: =+VLOOKUP($B15,Hoja1!B:J,9,0) -> 1278.38 | F15: 0 | G15: 50 | H15: 75 | I15: =+G15/2 -> 25 | J15: 0 | K15: N/A
A16: PTE-00297 | B16: CAMARÓN 21/25 PYD PREMIUM | C16: P&M | D16: KG | E16: =+VLOOKUP($B16,Hoja1!B:J,9,0) -> 677.5 | F16: 0 | G16: 100 | H16: 150 | I16: =+G16/2 -> 50 | J16: 0 | K16: N/A
A17: PTE-00298 | B17: CAMARON 31/35 PYD PREMIUM | C17: P&M | D17: KG | E17: =+VLOOKUP($B17,Hoja1!B:J,9,0) -> 1739.61 | F17: 0 | G17: 100 | H17: 150 | I17: =+G17/2 -> 50 | J17: 0 | K17: N/A
A18: PTG-00012 | B18: FILETE BASSA COMERCIAL | C18: P&M | D18: KG | E18: =+VLOOKUP($B18,Hoja1!B:J,9,0) -> 182.8 | F18: 0 | G18: 100 | H18: 150 | I18: =+G18/2 -> 50 | J18: 0 | K18: N/A
A19: PTG-00015 | B19: FILETE DE TILAPIA 3-5 OZ | C19: P&M | D19: KG | E19: =+VLOOKUP($B19,Hoja1!B:J,9,0) -> 976.1 | F19: 0 | G19: 200 | H19: 300 | I19: =+G19/2 -> 100 | J19: 0 | K19: N/A

Sheet Hoja1
A1: # Parte | B1: Parte | C1: Grupo | D1: Familia | E1: Origen | F1: Tipo | G1: UDM | H1: Unidades | I1: C/Promedio | J1: Planta
A2: COI-00001 | B2: CAMARON COCIDO 41-50 CAMANCHACA | C2: Pescados Y Mariscos | D2: Catálogo Food Service | E2: Comprado | F2: Comprado | G2: KG | H2: 1032 | I2: 143 | J2: 1000
A3: COI-00002 | B3: FILETE DE TILAPIA 3-5OZ CAMANCHACA | C3: Pescados Y Mariscos | D3: Catálogo Food Service | E3: Comprado | F3: Comprado | G3: KG | H3: 769.7 | I3: 75 | J3: 643.98
A4: COI-00003 | B4: FILETE DE TILAPIA 5-7 OZ CAMANCHACA | C4: Pescados Y Mariscos | D4: Catálogo Food Service | E4: Comprado | F4: Comprado | G4: KG | H4: 682.18 | I4: 75 | J4: 671.92
A5: COI-00004 | B5: ATUN AHUMADO PORCION CAMANCHACA | C5: Pescados Y Mariscos | D5: Catálogo Food Service | E5: Comprado | F5: Comprado | G5: KG | H5: 244.6 | I5: 175 | J5: 235
A6: COI-00005 | B6: CAMARON COCIDO 51-60 CAMANCHACA | C6: Pescados Y Mariscos | D6: Catálogo Food Service | E6: Comprado | F6: Comprado | G6: KG | H6: 1093 | I6: 136 | J6: 1020
A7: COI-00006 | B7: MEDALLON DE ATUN CAMANCHACA | C7: Pescados Y Mariscos | D7: Catálogo Food Service | E7: Comprado | F7: Comprado | G7: KG | H7: 872 | I7: 179 | J7: 820
A8: MPPT-00002 | B8: SALMON LOMO IMPORTADO CHILENO | C8: Pescados Y Mariscos | D8: Catálogo Food Service | E8: Otro | F8: Comprado | G8: KG | H8: 15234.369 | I8: 221.5842 | J8: 12785.5
A9: MPPT-00013 | B9: FILETE BASSA 7-9 OZ | C9: Pescados Y Mariscos | D9: Materia Prima / Insumos / Procesos | E9: Otro | F9: Comprado | G9: KG | H9: 1195 | I9: 51 | J9: 1195
A10: PTE-00037 | B10: MEJILLON ENTERO | C10: Pescados Y Mariscos | D10: Catálogo Food Service | E10: Otro | F10: Comprado | G10: KG | H10: 613 | I10: 61.658865 | J10: 506.5
A11: PTE-00038 | B11: SALMON PORCION 6-8 OZ | C11: Pescados Y Mariscos | D11: Catálogo Food Service | E11: Otro | F11: Comprado | G11: KG | H11: 5038.43 | I11: 251.9388 | J11: 4745
A12: PTE-00039 | B12: CAMARON PACOTILLA MEDIANO TRITON | C12: Pescados Y Mariscos | D12: Descatalogar | E12: Otro | F12: Comprado | G12: KG | H12: 22.1 | I12: 102.0886 | J12: 9.8
A13: PTE-00041 | B13: ATUN SACKU PORCION | C13: Pescados Y Mariscos | D13: Descatalogar | E13: Otro | F13: Comprado | G13: KG | H13: 40 | I13: 184.0262 | J13: 40
... A36: PTG-00034 | B36: SALMON AHUMADO SUSHITO | C36: Pescados Y Mariscos | D36: Descatalogar | E36: Otro | F36: Comprado | G36: KG | H36: 473.2 | I36: 188.1 | J36: 473.2
A38: Total Acumulado(35) - Suma | H38: 36186.079 | J38: 31056.73
